Training Centre,First Name,Last Name,ID Number
Johannesburg,Person,001,8206191234001
Johannesburg,Person,002,8206191234002
Johannesburg,Person,003,8206191234003
Johannesburg,Person,004,8206191234004
Johannesburg,Person,005,8206191234005
Johannesburg,Person,006,8206191234006
Johannesburg,Person,007,8206191234007
Johannesburg,Person,008,8206191234008
Johannesburg,Person,009,8206191234009
Johannesburg,Person,010,8206191234010
Johannesburg,Person,011,8206191234011
Johannesburg,Person,012,8206191234012
Johannesburg,Person,013,8206191234013
Johannesburg,Person,014,8206191234014
Johannesburg,Person,015,8206191234015
Johannesburg,Person,016,8206191234016
Johannesburg,Person,017,8206191234017
Johannesburg,Person,018,8206191234018
Johannesburg,Person,019,8206191234019
Johannesburg,Person,020,8206191234020
Johannesburg,Person,021,8206191234021
Johannesburg,Person,022,8206191234022
Johannesburg,Person,023,8206191234023
Johannesburg,Person,024,8206191234024
Johannesburg,Person,025,8206191234025
Johannesburg,Person,026,8206191234026
Johannesburg,Person,027,8206191234027
Johannesburg,Person,028,8206191234028
Johannesburg,Person,029,8206191234029
Johannesburg,Person,030,8206191234030
Johannesburg,Person,031,8206191234031
Johannesburg,Person,032,8206191234032
Johannesburg,Person,033,8206191234033
Johannesburg,Person,034,8206191234034
Johannesburg,Person,035,8206191234035
Johannesburg,Person,036,8206191234036
Johannesburg,Person,037,8206191234037
Johannesburg,Person,038,8206191234038
Johannesburg,Person,039,8206191234039
Johannesburg,Person,040,8206191234040
Johannesburg,Person,041,8206191234041
Johannesburg,Person,042,8206191234042
Johannesburg,Person,043,8206191234043
Johannesburg,Person,044,8206191234044
Johannesburg,Person,045,8206191234045
Johannesburg,Person,046,8206191234046
Johannesburg,Person,047,8206191234047
Johannesburg,Person,048,8206191234048
Johannesburg,Person,049,8206191234049
Johannesburg,Person,050,8206191234050
Johannesburg,Person,051,8206191234051
Johannesburg,Person,052,8206191234052
Johannesburg,Person,053,8206191234053
Johannesburg,Person,054,8206191234054
Johannesburg,Person,055,8206191234055
Johannesburg,Person,056,8206191234056
Johannesburg,Person,057,8206191234057
Johannesburg,Person,058,8206191234058
Johannesburg,Person,059,8206191234059
Johannesburg,Person,060,8206191234060
Johannesburg,Person,061,8206191234061
Johannesburg,Person,062,8206191234062
Johannesburg,Person,063,8206191234063
Johannesburg,Person,064,8206191234064
Johannesburg,Person,065,8206191234065
Johannesburg,Person,066,8206191234066
Johannesburg,Person,067,8206191234067
Johannesburg,Person,068,8206191234068
Johannesburg,Person,069,8206191234069
Johannesburg,Person,070,8206191234070
Johannesburg,Person,071,8206191234071
Johannesburg,Person,072,8206191234072
Johannesburg,Person,073,8206191234073
Johannesburg,Person,074,8206191234074
Johannesburg,Person,075,8206191234075
Johannesburg,Person,076,8206191234076
Johannesburg,Person,077,8206191234077
Johannesburg,Person,078,8206191234078
Johannesburg,Person,079,8206191234079
Durban,Person,080,8206191234080
Durban,Person,081,8206191234081
Durban,Person,082,8206191234082
Durban,Person,083,8206191234083
Durban,Person,084,8206191234084
Durban,Person,085,8206191234085
Durban,Person,086,8206191234086
Durban,Person,087,8206191234087
Durban,Person,088,8206191234088
Durban,Person,089,8206191234089
Durban,Person,090,8206191234090
Durban,Person,091,8206191234091
Durban,Person,092,8206191234092
Durban,Person,093,8206191234093
Durban,Person,094,8206191234094
Durban,Person,095,8206191234095
Durban,Person,096,8206191234096
Durban,Person,097,8206191234097
Durban,Person,098,8206191234098
Durban,Person,099,8206191234099
Durban,Person,100,8206191234100
